county,year,area_ha,production_ha,population,rainfall_mm,temperature_c,yield_per_hectare,production_per_person,log_production,rainfall_efficiency
Baringo,2020,47437,68374,666763.0,93.29833333333333,21.215,1.4413643358559773,0.10254618207668992,11.132762539724283,732.8533914503653
Baringo,2021,34709,59169,666763.0,93.29833333333333,21.215,1.7047163559883605,0.08874067697217752,10.98816993567074,634.1913932010218
Baringo,2022,37894,50820,666763.0,93.29833333333333,21.215,1.341109410460759,0.0762189863564715,10.836064933972965,544.7042640990371
Baringo,2023,42501,94877,666763.0,93.29833333333333,21.215,2.2323474741770784,0.1422949383814039,11.460347134751371,1016.9206309508924
Baringo,2024,47457,83958,666763.0,93.29833333333333,21.215,1.7691383778999936,0.12591880473271613,11.3380838634301,899.8874577966737
Bomet,2020,42763,73610,875689.0,138.83166666666668,17.913333333333334,1.7213478942076095,0.08405952341527642,11.206549750071193,530.210446704042
Bomet,2021,40480,58685,875689.0,138.83166666666668,17.913333333333334,1.4497282608695652,0.06701580127191274,10.979956476518549,422.7061549358335
Bomet,2022,27597,43287,875689.0,138.83166666666668,17.913333333333334,1.5685400587020328,0.04943193302645117,10.675630739322571,311.79485948210663
Bomet,2023,27250,63230,875689.0,138.83166666666668,17.913333333333334,2.320366972477064,0.07220600007536922,11.054549966205157,455.44364278082566
Bomet,2024,33491,52714,875689.0,138.83166666666668,17.913333333333334,1.5739750977874654,0.06019717045663472,10.87265532401105,379.69723526092747
Bungoma,2020,87960,317912,1670570.0,135.5625,22.89333333333333,3.614279217826285,0.19030151385455263,12.669533039425476,2345.1323190410326
Bungoma,2021,93214,269443,1670570.0,135.5625,22.89333333333333,2.8905851052417018,0.16128806335562113,12.504115855531605,1987.592438911941
Bungoma,2022,92464,275420,1670570.0,135.5625,22.89333333333333,2.9786727807579165,0.16486588409943911,12.526056115092912,2031.6828031350854
Bungoma,2023,92847,222912,1670570.0,135.5625,22.89333333333333,2.4008530162525443,0.13343469594210358,12.314536839790833,1644.3485477178424
Bungoma,2024,90297,207846,1670570.0,135.5625,22.89333333333333,2.301804046646068,0.12441621721927247,12.244557511090933,1533.2116182572613
Busia,2020,48150,69450,893681.0,135.5625,22.89333333333333,1.442367601246106,0.0777122933127145,11.14837674692692,512.3098201936376
Busia,2021,33810,42028,893681.0,135.5625,22.89333333333333,1.243064182194617,0.04702796635488502,10.64611513518697,310.0267404333794
Busia,2022,42476,64360,893681.0,135.5625,22.89333333333333,1.51520858837932,0.07201674870563433,11.072263138586607,474.7625633932688
Busia,2023,44097,71237,893681.0,135.5625,22.89333333333333,1.6154613692541442,0.07971188824647721,11.173781662893846,525.4919317657907
Busia,2024,44204,77934,893681.0,135.5625,22.89333333333333,1.7630531173649444,0.08720561363618562,11.263630424923152,574.8934993084371
Elgeyo_Marakwet,2020,25856,87431,454480.0,100.71833333333332,20.448333333333334,3.381458849009901,0.1923759021299067,11.378616627356509,868.0743327100331
Elgeyo_Marakwet,2021,31351,86007,454480.0,100.71833333333332,20.448333333333334,2.7433574686612867,0.18924265094173562,11.362195594165064,853.9358938293261
Elgeyo_Marakwet,2022,31713,72330,454480.0,100.71833333333332,20.448333333333334,2.2807681392488885,0.15914891744411194,11.189008085269668,718.1413512932105
Elgeyo_Marakwet,2023,43133,150221,454480.0,100.71833333333332,20.448333333333334,3.4827394338441566,0.33053379686674883,11.919869478957793,1491.4960864456987
Elgeyo_Marakwet,2024,42182,117786,454480.0,100.71833333333332,20.448333333333334,2.7923284813427527,0.25916651997887696,11.67663318757339,1169.459383429035
Embu,2020,35130,34650,608599.0,91.1325,21.73,0.986336464560205,0.056934040312258155,10.453081864230466,380.21562011357094
Embu,2021,35925,31378,608599.0,91.1325,21.73,0.8734307585247042,0.051557758064012596,10.353894158347762,344.31185361972956
Embu,2022,34506,10077,608599.0,91.1325,21.73,0.2920361676230221,0.016557700554880966,9.218110109240543,110.57526129536664
Embu,2023,34500,41327,608599.0,91.1325,21.73,1.1978840579710144,0.06790513950893774,10.629295515335622,453.48256659259874
Embu,2024,34750,25659,608599.0,91.1325,21.73,0.7383884892086331,0.04216076595590857,10.152688638169627,281.5570734918937
Garissa,2020,238,296,841353.0,41.597500000000004,28.1525,1.2436974789915967,0.00035181428009408653,5.6937321388027,7.115812248332231
Garissa,2021,145,71,841353.0,41.597500000000004,28.1525,0.4896551724137931,8.438788475229778e-05,4.276666119016055,1.7068333433499607
Garissa,2022,107,70,841353.0,41.597500000000004,28.1525,0.6542056074766355,8.319932299522317e-05,4.2626798770413155,1.682793437105595
Garissa,2023,142,132,841353.0,41.597500000000004,28.1525,0.9295774647887324,0.0001568901519338494,4.890349128221754,3.173267624256265
Garissa,2024,222,382,841353.0,41.597500000000004,28.1525,1.7207207207207207,0.0004540305912025036,5.948034989180646,9.183244185347677
Homa_Bay,2020,72097,92394,1131950.0,118.35166666666667,22.540000000000003,1.2815235030583796,0.08162374663191838,11.433828143611526,780.673416794581
Homa_Bay,2021,79608,82278,1131950.0,118.35166666666667,22.540000000000003,1.0335393427796202,0.07268695613763859,11.317871190071259,695.199335314247
Homa_Bay,2022,72215,86658,1131950.0,118.35166666666667,22.540000000000003,1.2,0.07655638499933742,11.36973615587814,732.2076861331343
Homa_Bay,2023,78795,115635,1131950.0,118.35166666666667,22.540000000000003,1.4675423567485246,0.10215557224259023,11.658202605424801,977.0458098041148
Homa_Bay,2024,89172,146866,1131950.0,118.35166666666667,22.540000000000003,1.646996815143767,0.1297460135164981,11.897282694312015,1240.9288701750431
Isiolo,2020,586,42,268002.0,58.19333333333333,26.85666666666667,0.07167235494880546,0.0001567152483936687,3.7612001156935624,0.7217321571772254
Isiolo,2021,147,139,268002.0,58.19333333333333,26.85666666666667,0.9455782312925171,0.0005186528458742846,4.941642422609304,2.388589758277008
Isiolo,2022,129,94,268002.0,58.19333333333333,26.85666666666667,0.7286821705426356,0.0003507436511667823,4.553876891600541,1.6153053041585521
Isiolo,2023,256,176,268002.0,58.19333333333333,26.85666666666667,0.6875,0.0006567115170782307,5.176149732573829,3.0244014205521825
Isiolo,2024,288,576,268002.0,58.19333333333333,26.85666666666667,2.0,0.002149237692256028,6.3578422665081,9.898041012716234
Kajiado,2020,31384,15543,1117840.0,53.025,21.715,0.4952523578893704,0.013904494382022473,9.651429991057276,293.12588401697315
Kajiado,2021,4808,2864,1117840.0,53.025,21.715,0.5956738768718802,0.002562084019179847,7.9603236291488395,54.01225836869401
Kajiado,2022,32159,13063,1117840.0,53.025,21.715,0.40620044155601853,0.011685930007872325,9.4776156346503,246.35549269212638
Kajiado,2023,33241,40733,1117840.0,53.025,21.715,1.225384314551307,0.03643902526300723,10.614818403529702,768.1848184818482
Kajiado,2024,21906,40573,1117840.0,53.025,21.715,1.8521409659454031,0.03629589207757818,10.610882746361275,765.1673738802452
Kakamega,2020,83773,226888,1867579.0,146.67249999999999,21.114166666666666,2.708366657514951,0.12148776571165129,12.332216190086374,1546.9021118478245
Kakamega,2021,98415,262506,1867579.0,146.67249999999999,21.114166666666666,2.6673372961438804,0.1405595158223561,12.478033027324933,1789.7424534251481
Kakamega,2022,100641,154369,1867579.0,146.67249999999999,21.114166666666666,1.533857970409674,0.08265727982591366,11.947107597175886,1052.4740493275838
Kakamega,2023,87532,132572,1867579.0,146.67249999999999,21.114166666666666,1.5145546771466436,0.07098601986850356,11.794888716091048,903.8640508616136
Kakamega,2024,105181,212753,1867579.0,146.67249999999999,21.114166666666666,2.0227322425152834,0.1139191434472116,12.267891847668983,1450.5309447919687
Kericho,2020,34397,92731,901777.0,136.5325,18.276666666666667,2.69590371253307,0.10283140953916545,11.437468891554785,679.1862743302877
Kericho,2021,35068,98746,901777.0,136.5325,18.276666666666667,2.8158435040492757,0.10950157300529953,11.50031630255506,723.2417190046326
Kericho,2022,40530,85975,901777.0,136.5325,18.276666666666667,2.1212681963977302,0.09533953516224078,11.36182346652099,629.7035504367092
Kericho,2023,40643,111130,901777.0,136.5325,18.276666666666667,2.734296188765593,0.12323445818644743,11.618464964609466,813.9453976159523
Kericho,2024,43908,134358,901777.0,136.5325,18.276666666666667,3.0599890680513804,0.14899248927395575,11.808270601007255,984.0733891198066
Kiambu,2020,31528,43259,2417735.0,86.86166666666666,17.995833333333334,1.372081958893682,0.01789236620225128,10.67498369950705,498.0217587351536
Kiambu,2021,30371,25563,2417735.0,86.86166666666666,17.995833333333334,0.841691086892101,0.010573119055645057,10.148940390770173,294.2955273711073
Kiambu,2022,29174,19655,2417735.0,86.86166666666666,17.995833333333334,0.6737163227531363,0.008129509644357219,9.886137914201015,226.27933303912351
Kiambu,2023,30537,29692,2417735.0,86.86166666666666,17.995833333333334,0.9723286504895701,0.012280915815835895,10.298666606775793,341.83088051883266
Kiambu,2024,33534,39471,2417735.0,86.86166666666666,17.995833333333334,1.1770441939524066,0.016325610540443847,10.583346838769138,454.4121879617016
Kilifi,2020,71782,44585,1453787.0,72.44333333333334,26.418333333333333,0.6211167144966705,0.030668179038607444,10.705175187385525,615.4465559287719
Kilifi,2021,53943,26176,1453787.0,72.44333333333334,26.418333333333333,0.4852529521902749,0.018005388684862362,10.172636441606745,361.33069525606214
Kilifi,2022,72748,47780,1453787.0,72.44333333333334,26.418333333333333,0.6567878154725904,0.03286588750621652,10.77438334991989,659.5499930980536
Kilifi,2023,95674,81813,1453787.0,72.44333333333334,26.418333333333333,0.8551226038422142,0.056275781802973886,11.312203657090748,1129.3378732802648
Kilifi,2024,51393,41907,1453787.0,72.44333333333334,26.418333333333333,0.8154223337808651,0.028826093506132605,10.643232018472856,578.4797312842221
Kirinyaga,2020,30505,40281,610411.0,107.15333333333332,18.093333333333334,1.3204720537616783,0.06598996413891624,10.603659998032827,375.9192434517514
Kirinyaga,2021,30373,24388,610411.0,107.15333333333332,18.093333333333334,0.8029499884766075,0.03995340844119782,10.101887489959422,227.5990792011448
Kirinyaga,2022,30503,13547,610411.0,107.15333333333332,18.093333333333334,0.4441202504671672,0.0221932435686775,9.513994213937663,126.42630498351274
Kirinyaga,2023,38467,49692,610411.0,107.15333333333332,18.093333333333334,1.291808563184028,0.08140744514761365,10.8136193570947,463.746655882536
Kirinyaga,2024,28228,38468,610411.0,107.15333333333332,18.093333333333334,1.3627603797647725,0.06301983417730021,10.557608001127225,358.99956448702795
Kisii,2020,67286,132790,1266860.0,148.60916666666665,19.658333333333335,1.9735160360253248,0.10481821195712233,11.79653174264357,893.5518782488743
Kisii,2021,65876,96249,1266860.0,148.60916666666665,19.658333333333335,1.4610632096666465,0.07597445653031906,11.474704252150032,647.6652965552821
Kisii,2022,43735,79671,1266860.0,148.60916666666665,19.658333333333335,1.8216760032010975,0.06288855911466144,11.285673485611476,536.1109397693054
Kisii,2023,66221,119244,1266860.0,148.60916666666665,19.658333333333335,1.8006976638830583,0.0941256334559462,11.68893547915038,802.4000314022801
Kisii,2024,65900,41087,1266860.0,148.60916666666665,19.658333333333335,0.6234749620637329,0.03243215509211752,10.623471387049634,276.47688848265307
Kisumu,2020,46307,67307,1155574.0,131.57333333333332,22.03,1.4534951519208759,0.058245512619702414,11.117034379296337,511.5550263477909
Kisumu,2021,62600,40990,1155574.0,131.57333333333332,22.03,0.6547923322683706,0.03547154920411847,10.621107809394994,311.537292257803
Kisumu,2022,54125,34513,1155574.0,131.57333333333332,22.03,0.6376535796766744,0.02986654251480217,10.449120317807525,262.30999189298745
Kisumu,2023,62195,105003,1155574.0,131.57333333333332,22.03,1.6882868397781172,0.09086653039961093,11.561753723652151,798.0568504256182
Kisumu,2024,48400,58657,1155574.0,131.57333333333332,22.03,1.2119214876033058,0.05076005517604238,10.979479247166704,445.8122213214431
Kitui,2020,87252,27960,1136187.0,57.527499999999996,25.194166666666664,0.3204511071379453,0.0246086251646956,10.238565961087293,486.02842118986575
Kitui,2021,79035,11508,1136187.0,57.527499999999996,25.194166666666664,0.14560637692161701,0.010128614391821065,9.350884616968491,200.04345747685892
Kitui,2022,62987,9183,1136187.0,57.527499999999996,25.194166666666664,0.14579198882309047,0.008082296312138759,9.125218118559348,159.62800399808788
Kitui,2023,83618,36292,1136187.0,57.527499999999996,25.194166666666664,0.43402138295582293,0.031941925052830215,10.499380164191843,630.8635000651863
Kitui,2024,89423,17845,1136187.0,57.527499999999996,25.194166666666664,0.19955716090938572,0.015706041347066987,9.789534672460096,310.19946981878235
Kwale,2020,56576,34061,866820.0,72.38250000000001,25.785833333333333,0.6020397341628959,0.03929420179506703,10.435937672398781,470.5695437433081
Kwale,2021,56128,33815,866820.0,72.38250000000001,25.785833333333333,0.6024622291904219,0.03901040585127247,10.428689342246626,467.17093220046274
Kwale,2022,23200,45428,866820.0,72.38250000000001,25.785833333333333,1.9581034482758621,0.052407650954061975,10.723905946624765,627.6102649120988
Kwale,2023,60518,61037,866820.0,72.38250000000001,25.785833333333333,1.0085759608711458,0.07041484968044115,11.019251900021803,843.2563119538562
Kwale,2024,58116,44127,866820.0,72.38250000000001,25.785833333333333,0.7592917613049762,0.05090676264968506,10.694849780593028,609.6363071184333
Laikipia,2020,26470,39422,518560.0,88.44666666666667,17.790833333333335,1.4893086513033622,0.07602206109225548,10.582104681311748,445.7149317856335
Laikipia,2021,24932,34520,518560.0,88.44666666666667,17.790833333333335,1.3845660195732392,0.06656896019746991,10.449323113491568,390.2917012135373
Laikipia,2022,25055,7288,518560.0,88.44666666666667,17.790833333333335,0.2908800638595091,0.014054304227090404,8.894121641382213,82.39993970000754
Laikipia,2023,29596,44264,518560.0,88.44666666666667,17.790833333333335,1.4956075145289904,0.08535945695772909,10.697949576045149,500.45978744252653
Laikipia,2024,29240,51372,518560.0,88.44666666666667,17.790833333333335,1.756908344733242,0.09906664609688368,10.846868021600375,580.8246023969247
Lamu,2020,37500,28325,143920.0,62.24333333333333,27.606666666666666,0.7553333333333333,0.1968107281823235,10.251535389774341,455.0688159374498
Lamu,2021,16820,4772,143920.0,62.24333333333333,27.606666666666666,0.28370986920332936,0.033157309616453585,8.470730317005897,76.66684517752905
Lamu,2022,39502,59102,143920.0,62.24333333333333,27.606666666666666,1.496177408738798,0.4106586992773763,10.987036963527192,949.5314089862368
Lamu,2023,45800,74318,143920.0,62.24333333333333,27.606666666666666,1.6226637554585153,0.516384102279044,11.216121918068886,1193.991324372088
Lamu,2024,23154,48436,143920.0,62.24333333333333,27.606666666666666,2.091906366070657,0.33654808226792665,10.788019263461779,778.1716917474429
Machakos,2020,133795,40927,1421932.0,71.98416666666667,21.124166666666667,0.30589334429537723,0.028782670338665984,10.61956970437857,568.5555851402507
Machakos,2021,144201,59321,1421932.0,71.98416666666667,21.124166666666667,0.41137717491556924,0.04171859132504226,10.990735511125187,824.0839999536935
Machakos,2022,134048,22597,1421932.0,71.98416666666667,21.124166666666667,0.16857394366197184,0.015891758536976452,10.025616685769192,313.91625473194335
Machakos,2023,138830,175493,1421932.0,71.98416666666667,21.124166666666667,1.2640855722826478,0.12341870075362253,12.075360133269445,2437.9388986003864
Machakos,2024,158761,91910,1421932.0,71.98416666666667,21.124166666666667,0.578920515743791,0.06463740882123759,11.428575996501866,1276.8085574373995
Makueni,2020,146562,120000,987653.0,55.178333333333335,22.74416666666667,0.8187661194579768,0.12150016250646735,11.695255355062795,2174.7666656598303
Makueni,2021,150726,88013,987653.0,55.178333333333335,22.74416666666667,0.5839271260432839,0.08911328168901426,11.385251171715817,1595.0644878726553
Makueni,2022,132910,83018,987653.0,55.178333333333335,22.74416666666667,0.6246181626664661,0.08405583742468256,11.326824776244193,1504.5398254145648
Makueni,2023,136912,81363,987653.0,55.178333333333335,22.74416666666667,0.5942722332593199,0.08238014768344752,11.306688193722378,1474.5461684840063
Makueni,2024,155337,83506,987653.0,55.178333333333335,22.74416666666667,0.5375795850312546,0.08454993808554219,11.332685739660542,1513.3838765215814
Mandera,2020,3708,1847,867457.0,36.100833333333334,26.88,0.4981121898597627,0.002129212168441779,7.521859252201629,51.162253872255945
Mandera,2021,3510,1818,867457.0,36.100833333333334,26.88,0.517948717948718,0.002095781116527966,7.506042178518122,50.358948316059184
Mandera,2022,3209,2160,867457.0,36.100833333333334,26.88,0.6731068868806481,0.0024900369701322373,7.6783263565068856,59.8324138408624
Mandera,2023,3209,2738,867457.0,36.100833333333334,26.88,0.8532253038329698,0.0031563524186213263,7.915348169263078,75.84312458161169
Mandera,2024,2828,3113,867457.0,36.100833333333334,26.88,1.1007779349363507,0.003588650503713729,8.043663352393944,86.23069642898363
Marsabit,2020,1023,293,459785.0,42.715,26.945833333333336,0.28641251221896386,0.0006372543688898072,5.683579767338681,6.8594170666042364
Marsabit,2021,658,46,459785.0,42.715,26.945833333333336,0.06990881458966565,0.00010004676098611307,3.8501476017100584,1.0769050684771158
Marsabit,2022,591,3,459785.0,42.715,26.945833333333336,0.005076142131979695,6.5247887599638966e-06,1.3862943611198906,0.07023293924850754
Marsabit,2023,2184,337,459785.0,42.715,26.945833333333336,0.1543040293040293,0.000732951270702611,5.823045895483019,7.889500175582348
Marsabit,2024,1830,1089,459785.0,42.715,26.945833333333336,0.5950819672131148,0.0023684983198668944,6.993932975223189,25.49455694720824
Meru,2020,67416,74757,1545714.0,105.255,21.175833333333333,1.1088910644357421,0.04836405699890148,11.222011508937708,710.2465441071683
Meru,2021,75058,53331,1545714.0,105.255,21.175833333333333,0.7105305230621652,0.03450250175646982,10.88429180523535,506.6837679920194
Meru,2022,66338,63157,1545714.0,105.255,21.175833333333333,0.9520485995960083,0.040859434539636696,11.053394802257065,600.0380029452283
Meru,2023,142379,151039,1545714.0,105.255,21.175833333333333,1.060823576510581,0.09771471307111147,11.925299981379327,1434.9817110826089
Meru,2024,136082,133150,1545714.0,105.255,21.175833333333333,0.9784541673402801,0.08614142072854357,11.799239101540575,1265.0230392855447
Mombasa,2020,606,803,1208333.0,84.25166666666667,26.485,1.325082508250825,0.0006645519074625952,6.6895992691789665,9.53096872465431
Mombasa,2021,649,0,1208333.0,84.25166666666667,26.485,0.0,0.0,0.0,0.0
Mombasa,2022,842,272,1208333.0,84.25166666666667,26.485,0.32304038004750596,0.00022510351037338216,5.60947179518496,3.2284227809538883
Mombasa,2023,876,878,1208333.0,84.25166666666667,26.485,1.0022831050228311,0.0007266208901023145,6.778784897685177,10.421158829696742
Mombasa,2024,867,770,1208333.0,84.25166666666667,26.485,0.8881199538638985,0.0006372415551011187,6.647688373563329,9.13928507843564
Murang’a,2020,66381,63653,875689.0,92.92253787878789,21.944299242424247,0.9589039032253205,,11.061217445687326,
Murang’a,2021,62983,49256,875689.0,92.92253787878789,21.944299242424247,0.7820522998269375,,10.804806768480137,
Murang’a,2022,67530,47434,875689.0,92.92253787878789,21.944299242424247,0.7024137420405746,,10.767115631826977,
Murang’a,2023,68399,56827,875689.0,92.92253787878789,21.944299242424247,0.8308162400035088,,10.947784440991967,
Murang’a,2024,54189,55488,875689.0,92.92253787878789,21.944299242424247,1.023971654763882,,10.92394008189247,
Nairobi,2020,684,972,875689.0,76.69083333333333,18.925,1.4210526315789473,,6.880384082186005,12.674265720588076
Nairobi,2021,754,571,875689.0,76.69083333333333,18.925,0.7572944297082228,,6.349138991379798,7.4454791424442295
Nairobi,2022,661,246,875689.0,76.69083333333333,18.925,0.3721633888048411,,5.5093883366279774,3.207684534222908
Nairobi,2023,758,676,875689.0,76.69083333333333,18.925,0.8918205804749341,,6.517671272912275,8.81461278510035
Nairobi,2024,713,641,875689.0,76.69083333333333,18.925,0.8990182328190743,,6.464588303689961,8.358234904214976
Nakuru,2020,64963,206151,2162202.0,85.145,15.633333333333333,3.1733602204331697,0.09534308080373619,12.236369039761524,2421.1756415526456
Nakuru,2021,87651,242825,2162202.0,85.145,15.633333333333333,2.7703620038562025,0.11230449328971114,12.400100416454165,2851.899700510893
Nakuru,2022,66315,213786,2162202.0,85.145,15.633333333333333,3.2237955213752545,0.09887420324280526,12.272735471234236,2510.846203535146
Nakuru,2023,71470,215412,2162202.0,85.145,15.633333333333333,3.0140198684762836,0.09962621438699992,12.280312394715207,2529.9430383463505
Nakuru,2024,94421,201876,2162202.0,85.145,15.633333333333333,2.1380413255525785,0.09336592973274467,12.215413880030725,2370.9671736449586
Nandi,2020,59746,165866,885711.0,135.34,18.8,2.776185853446256,0.18726875922281647,12.01894154138328,1225.5504654943106
Nandi,2021,26825,64175,885711.0,135.34,18.8,2.392357875116496,0.0724559139493582,11.069384588009834,474.1761489581794
Nandi,2022,45674,89447,885711.0,135.34,18.8,1.958378946446556,0.10098892302342412,11.401412729827204,660.9058667060735
Nandi,2023,67429,159556,885711.0,135.34,18.8,2.366281570244257,0.1801445392458714,11.9801565041379,1178.9271464459878
Nandi,2024,57812,179389,885711.0,135.34,18.8,3.1029717013768767,0.2025367190878289,12.097317485693136,1325.4691887099157
Narok,2020,116717,202855,1157873.0,89.3075,17.97,1.7380073168433048,0.17519624345675217,12.220251646703444,2271.4217730873665
Narok,2021,121809,280273,1157873.0,89.3075,17.97,2.3009219351607846,0.24205849864363363,12.543522975091069,3138.2918567869438
Narok,2022,127460,271028,1157873.0,89.3075,17.97,2.126376902557665,0.23407403057157392,12.509981105206673,3034.773115359852
Narok,2023,132396,314403,1157873.0,89.3075,17.97,2.3747167588144658,0.27153496108813313,12.658434062102566,3520.4546090753856
Narok,2024,122245,224236,1157873.0,89.3075,17.97,1.8343163319563172,0.1936619992002577,12.320458807226165,2510.830557344008
Nyamira,2020,42730,67563,605576.0,144.665,19.329166666666666,1.5811607769716827,0.11156815990065656,11.120830575800236,467.03072616043966
Nyamira,2021,43134,61937,605576.0,144.665,19.329166666666666,1.4359206194649232,0.10227783135395062,11.033889163693646,428.1408771990461
Nyamira,2022,48280,76884,605576.0,144.665,19.329166666666666,1.592460646230323,0.12696011730980092,11.250066077949793,531.4623440362217
Nyamira,2023,48175,63424,605576.0,144.665,19.329166666666666,1.316533471717696,0.10473334478248808,11.057613384467482,438.41979746310443
Nyamira,2024,48580,89599,605576.0,144.665,19.329166666666666,1.8443598188554962,0.14795665614225134,11.403110598963021,619.3550616942592
Nyandarua,2020,17660,39170,638289.0,92.08166666666666,15.319166666666668,2.2180067950169877,0.06136718633722342,10.575691956076149,425.38326485547253
Nyandarua,2021,14070,27958,638289.0,92.08166666666666,15.319166666666668,1.9870646766169153,0.04380147550717622,10.238494430329037,303.62178500968344
Nyandarua,2022,20060,26836,638289.0,92.08166666666666,15.319166666666668,1.3377866400797607,0.04204365107341659,10.197536811366069,291.4369490850513
Nyandarua,2023,20716,46617,638289.0,92.08166666666666,15.319166666666668,2.250289631202935,0.07303431517698096,10.749742011626616,506.2571268258249
Nyandarua,2024,14987,28698,638289.0,92.08166666666666,15.319166666666668,1.9148595449389472,0.04496082495546688,10.264617557935098,311.65812955890607
Nyeri,2020,26521,26251,759164.0,118.01666666666667,14.495833333333332,0.9898193884091852,0.034578826182484944,10.175497455593613,222.43468436661487
Nyeri,2021,27067,19382,759164.0,118.01666666666667,14.495833333333332,0.7160749251856504,0.025530715365849804,9.872151672226275,164.23104081344442
Nyeri,2022,26984,14323,759164.0,118.01666666666667,14.495833333333332,0.5307960272754225,0.018866806118309088,9.569691731118324,121.36421409405452
Nyeri,2023,31317,35280,759164.0,118.01666666666667,14.495833333333332,1.1265446881885237,0.04647217202080183,10.471099854390227,298.9408275667279
Nyeri,2024,29248,24832,759164.0,118.01666666666667,14.495833333333332,0.849015317286652,0.03270966484185235,10.119928692790662,210.41095890410958
Samburu,2020,10320,9756,310327.0,81.3275,22.925,0.9453488372093023,0.031437805927296045,9.18574025510795,119.95942331929544
Samburu,2021,12425,12090,310327.0,81.3275,22.925,0.9730382293762575,0.03895890463929984,9.400216653174247,148.65820294488333
Samburu,2022,15870,11178,310327.0,81.3275,22.925,0.7043478260869566,0.036020069152861336,9.321792297270326,137.4442839138053
Samburu,2023,6448,15298,310327.0,81.3275,22.925,2.372518610421836,0.04929638735914052,9.63554274576738,188.10365497525436
Samburu,2024,11572,9135,310327.0,81.3275,22.925,0.7894054614586934,0.029436690974359307,9.119977931895791,112.32362976852848
Siaya,2020,63493,72351,993183.0,125.33166666666666,23.145,1.1395114422062274,0.07284760210353983,11.189298375077696,577.2762935677337
Siaya,2021,83933,53512,993183.0,125.33166666666666,23.145,0.6375561459735741,0.05387929515507213,10.887679894020856,426.96312450963444
Siaya,2022,73521,76580,993183.0,125.33166666666666,23.145,1.041607159859088,0.07710562907339333,11.246104283185776,611.0187635473876
Siaya,2023,77550,115191,993183.0,125.33166666666666,23.145,1.485377176015474,0.11598164688682751,11.654355580388106,919.0893495924148
Siaya,2024,77660,143979,993183.0,125.33166666666666,23.145,1.8539660056657223,0.1449672416865774,11.877429680023294,1148.7838934028377
Taita_Taveta,2020,10006,16643,340671.0,62.392500000000005,23.898333333333337,1.6633020187887269,0.048853586011136846,9.719805070102831,266.74680450374643
Taita_Taveta,2021,12252,3360,340671.0,62.392500000000005,23.898333333333337,0.2742409402546523,0.009862888241147618,8.119993827725105,53.85262651761028
Taita_Taveta,2022,11464,10893,340671.0,62.392500000000005,23.898333333333337,0.9501919050942079,0.03197513143179196,9.29596745794362,174.58829186200262
Taita_Taveta,2023,13596,12393,340671.0,62.392500000000005,23.898333333333337,0.9115180935569285,0.03637820653944715,9.424967763522053,198.6296429859358
Taita_Taveta,2024,11426,13176,340671.0,62.392500000000005,23.898333333333337,1.1531594608786977,0.03867661174564316,9.486228164545253,211.1792282726289
Tana_River,2020,5666,8222,315943.0,48.458333333333336,27.421666666666667,1.4511118955171196,0.026023681486850476,9.014690384970896,169.67153912295785
Tana_River,2021,4251,958,315943.0,48.458333333333336,27.421666666666667,0.225358739120207,0.0030321925157385985,6.8658910748834385,19.76956147893379
Tana_River,2022,6673,8257,315943.0,48.458333333333336,27.421666666666667,1.237374494230481,0.026134460962895206,9.018937706446035,170.3938091143594
Tana_River,2023,5734,5879,315943.0,48.458333333333336,27.421666666666667,1.0252877572375305,0.018607786847627577,8.679312040892672,121.32072226999139
Tana_River,2024,5063,14658,315943.0,48.458333333333336,27.421666666666667,2.8951214694844953,0.04639444456753275,9.59280976029003,302.48667239896815
Tharaka_Nithi,2020,18591,41601,393177.0,97.0025,22.695000000000004,2.2376956591899306,0.1058073081589208,10.635903522016774,428.86523543207653
Tharaka_Nithi,2021,25420,30352,393177.0,97.0025,22.695000000000004,1.1940204563335957,0.07719678414556294,10.320650638390102,312.89915208370917
Tharaka_Nithi,2022,23640,20668,393177.0,97.0025,22.695000000000004,0.8742808798646362,0.052566655730116464,9.936390272211836,213.06667353934176
Tharaka_Nithi,2023,26617,33808,393177.0,97.0025,22.695000000000004,1.2701656835856783,0.0859867184499602,10.42848231821631,348.527099817015
Tharaka_Nithi,2024,37588,55426,393177.0,97.0025,22.695000000000004,1.4745663509630733,0.14096958876027846,10.92282211863275,571.3873353779542
Trans_Nzoia,2020,104850,489056,875689.0,108.85333333333334,18.104166666666668,4.664339532665713,,13.100234326081083,4492.797648211661
Trans_Nzoia,2021,107090,407913,875689.0,108.85333333333334,18.104166666666668,3.8090671397889624,,12.918811646854438,3747.3634247917685
Trans_Nzoia,2022,95140,339990,875689.0,108.85333333333334,18.104166666666668,3.5735757830565484,,12.736674425653757,3123.3770210681037
Trans_Nzoia,2023,125065,448011,875689.0,108.85333333333334,18.104166666666668,3.582225242873706,,13.012575296752678,4115.730646741793
Trans_Nzoia,2024,124976,423156,875689.0,108.85333333333334,18.104166666666668,3.3858980924337474,,12.955498547558612,3887.3958843704063
Turkana,2020,2475,2582,926976.0,42.5325,27.853333333333335,1.0432323232323233,0.0027854011322838994,7.8567067930958405,60.706518544642336
Turkana,2021,1295,1154,926976.0,42.5325,27.853333333333335,0.8911196911196911,0.0012449081745374206,7.051855622955894,27.132193028860286
Turkana,2022,3408,452,926976.0,42.5325,27.853333333333335,0.13262910798122066,0.00048760701463684066,6.115892125483034,10.627167460177512
Turkana,2023,1750,1331,926976.0,42.5325,27.853333333333335,0.7605714285714286,0.001435851629384148,7.194436851100335,31.293716569682008
Turkana,2024,3704,4217,926976.0,42.5325,27.853333333333335,1.138498920086393,0.004549200842308755,8.34711636103872,99.14771057426674
Uasin_Gishu,2020,106999,456574,1163186.0,117.39833333333333,17.845833333333335,4.267086608286059,0.39252019883320466,13.031508259060242,3889.1012081375375
Uasin_Gishu,2021,104645,385400,1163186.0,117.39833333333333,17.845833333333335,3.6829279946485736,0.3313313605906536,12.862039629665835,3282.8404718976703
Uasin_Gishu,2022,102820,359870,1163186.0,117.39833333333333,17.845833333333335,3.5,0.3093830221477906,12.79350091288223,3065.375715157796
Uasin_Gishu,2023,117923,476538,1163186.0,117.39833333333333,17.845833333333335,4.041094612586179,0.40968340402996595,13.074304845526708,4059.1547296242143
Uasin_Gishu,2024,107009,483211,1163186.0,117.39833333333333,17.845833333333335,4.515610836471699,0.41542023373733866,13.088210759731458,4115.995400275416
Vihiga,2020,25134,30566,590013.0,157.51500000000001,21.719166666666666,1.2161215882867829,0.051805638180853646,10.327676274642394,194.0513601879186
Vihiga,2021,22340,24191,590013.0,157.51500000000001,21.719166666666666,1.0828558639212176,0.04100079150798372,10.09377727897926,153.57902421991554
Vihiga,2022,26142,25335,590013.0,157.51500000000001,21.719166666666666,0.9691301354142758,0.042939731836417167,10.139981588218475,160.84182458813444
Vihiga,2023,24921,29659,590013.0,157.51500000000001,21.719166666666666,1.1901207816700774,0.05026838391696454,10.297554615691922,188.29317842745132
Vihiga,2024,24771,34171,590013.0,157.51500000000001,21.719166666666666,1.3794760001614792,0.05791567304449224,10.439161874271509,216.93806939021678
Wajir,2020,98,39,781263.0,34.329166666666666,27.7925,0.3979591836734694,4.9919169345022096e-05,3.6888794541139363,1.1360602014807624
Wajir,2021,54,19,781263.0,34.329166666666666,27.7925,0.35185185185185186,2.431959532193384e-05,2.995732273553991,0.5534652263624227
Wajir,2022,72,25,781263.0,34.329166666666666,27.7925,0.3472222222222222,3.199946752886032e-05,3.258096538021482,0.7282437188979245
Wajir,2023,132,34,781263.0,34.329166666666666,27.7925,0.25757575757575757,4.3519275839250036e-05,3.5553480614894135,0.9904114577011773
Wajir,2024,278,216,781263.0,34.329166666666666,27.7925,0.7769784172661871,0.00027647539944935314,5.37989735354046,6.292025731278068
West_Pokot,2020,32354,23400,621241.0,92.92253787878789,21.944299242424247,0.7232490573035791,0.03766654164808826,10.060534035475412,
West_Pokot,2021,34911,53193,621241.0,92.92253787878789,21.944299242424247,1.5236744865515166,0.08562377563618628,10.881700887014485,
West_Pokot,2022,34780,52650,621241.0,92.92253787878789,21.944299242424247,1.5138010350776308,0.08474971870819858,10.871440510734077,
West_Pokot,2023,49097,96010,621241.0,92.92253787878789,21.944299242424247,1.9555166303440128,0.15454549844585275,11.472218047219139,
West_Pokot,2024,56403,96984,621241.0,92.92253787878789,21.944299242424247,1.7194830062230733,0.15611332799992272,11.482311606352392,
"Migori_______________________________________________78,222____________95,966____________95,034_____________99,598________________85,628____________92,441________78,567_____________101,474________88,449___________148,919",2020,78222,95966,875689.0,92.92253787878789,21.944299242424247,1.2268415535271406,,11.4717596613544,
"Migori_______________________________________________78,222____________95,966____________95,034_____________99,598________________85,628____________92,441________78,567_____________101,474________88,449___________148,920",2021,95034,99598,875689.0,92.92253787878789,21.944299242424247,1.0480249173979839,,11.508907403361643,
"Migori_______________________________________________78,222____________95,966____________95,034_____________99,598________________85,628____________92,441________78,567_____________101,474________88,449___________148,921",2022,85628,92441,875689.0,92.92253787878789,21.944299242424247,1.0795650955294998,,11.43433669980983,
"Migori_______________________________________________78,222____________95,966____________95,034_____________99,598________________85,628____________92,441________78,567_____________101,474________88,449___________148,922",2023,78567,101474,875689.0,92.92253787878789,21.944299242424247,1.2915600697493859,,11.527567741707099,
"Migori_______________________________________________78,222____________95,966____________95,034_____________99,598________________85,628____________92,441________78,567_____________101,474________88,449___________148,923",2024,88449,148919,875689.0,92.92253787878789,21.944299242424247,1.6836708159504348,,11.911164527986653,
